generator,sample_size,replication,training_time,final_loss,final_term1,final_term2,n_epochs,mmd,two_sample_min_p,two_sample_mean_p,two_sample_rejected,mean_distance,cov_frobenius,cov_trace
"Normal(μ=0, σ=1)",100,0,1.3193399906158447,0.5458385348320007,1.0134221315383911,0.9351669549942017,200,0.027955112416820204,0.36818778606286096,0.36818778606286096,0,0.05482836812734604,0.3224821086296362,0.3224821086296362
"Normal(μ=0, σ=1)",100,1,0.604346752166748,0.5411922931671143,0.9421160817146301,0.8018476366996765,200,0.0917638139019086,0.21117008625127576,0.21117008625127576,0,0.060799404978752136,0.5569725476794603,0.5569725476794603
"Normal(μ=0, σ=1)",100,2,0.6800580024719238,0.6640478372573853,1.1517735719680786,0.9754514098167419,200,0.10059026942780623,0.07822115797841851,0.07822115797841851,0,0.13500307500362396,0.5403593578623298,0.5403593578623298
"Normal(μ=0, σ=1)",100,3,0.5583457946777344,0.6392589807510376,1.1867589950561523,1.095000147819519,200,0.004206864023777611,0.2819416298082479,0.2819416298082479,0,0.09716223925352097,0.5366068994467525,0.5366068994467525
"Normal(μ=0, σ=1)",100,4,0.4954721927642822,0.5680853724479675,1.036054253578186,0.9359378218650818,177,0.1267982670353533,0.05390207893129876,0.05390207893129876,0,0.2037200629711151,0.3613627645679668,0.3613627645679668
"Normal(μ=0, σ=1)",100,5,0.5558860301971436,0.5243837237358093,1.0063046216964722,0.9638419151306152,200,0.0,0.8154147124661313,0.8154147124661313,0,0.0028899461030960083,0.22391178245786203,0.22391178245786203
"Normal(μ=0, σ=1)",100,6,0.6399450302124023,0.5748110413551331,1.0595848560333252,0.96954745054245,200,0.0,0.2819416298082479,0.2819416298082479,0,0.1674880087375641,0.2701900079816959,0.2701900079816959
"Normal(μ=0, σ=1)",100,7,0.5779392719268799,0.6044780015945435,1.065887212753296,0.9228183627128601,192,0.13131966813488521,0.21117008625127576,0.21117008625127576,0,0.15406782925128937,0.43662935495592736,0.43662935495592736
"Normal(μ=0, σ=1)",100,8,0.5447680950164795,0.5914026498794556,1.111674427986145,1.040543556213379,200,0.10604574131354741,0.2819416298082479,0.2819416298082479,0,0.017556603997945786,0.2998364891803593,0.2998364891803593
"Normal(μ=0, σ=1)",100,9,0.5632970333099365,0.6845958828926086,1.1606374979019165,0.9520832300186157,200,0.05710995606265134,0.8154147124661313,0.8154147124661313,0,0.08123119920492172,0.5734810844948274,0.5734810844948274
"Normal(μ=0, σ=1)",500,0,3.355757713317871,0.5668958487510681,1.097847798347473,1.061903896331787,125,0.04007928746192753,0.7189191850204419,0.7189191850204419,0,0.020093148574233055,0.14046861561911084,0.14046861561911084
"Normal(μ=0, σ=1)",500,1,1.6767840385437012,0.550858428478241,1.0875947732925415,1.073472689628601,81,0.024472985099229853,0.5600220048872044,0.5600220048872044,0,0.04871371388435364,0.055431129347897734,0.055431129347897734
"Normal(μ=0, σ=1)",500,2,1.6478500366210938,0.5448094220161438,1.0628452243804931,1.0360715742111206,71,0.02904197564136861,0.7704365372945415,0.7704365372945415,0,0.0005432665348052979,0.03558329165624663,0.03558329165624663
"Normal(μ=0, σ=1)",500,3,1.836575984954834,0.5652569646835327,1.115138529777527,1.0997630939483642,80,0.0,0.9026912216773312,0.9026912216773312,0,0.001193151343613863,0.09338204161882746,0.09338204161882746
"Normal(μ=0, σ=1)",500,4,1.8129279613494873,0.5813238101005554,1.138441110610962,1.1142344541549682,87,0.0,0.9603008958861495,0.9603008958861495,0,0.04332726076245308,0.05967781303817754,0.05967781303817754
"Normal(μ=0, σ=1)",500,5,3.0453059673309326,0.533352520942688,1.0306430377960205,0.9945810279846191,125,0.05446770186201944,0.11136835555551457,0.11136835555551457,0,0.0478307344019413,0.04170033039103904,0.04170033039103904
"Normal(μ=0, σ=1)",500,6,1.9355430603027344,0.5920468230247498,1.1550362758636474,1.1259789972305299,92,0.0,0.4599232291065006,0.4599232291065006,0,0.05305549129843712,0.09240502554559171,0.09240502554559171
"Normal(μ=0, σ=1)",500,7,3.460469961166382,0.5585163435935974,1.0984599876403809,1.0798872909545898,133,0.01981850815805607,0.6659218712646571,0.6659218712646571,0,0.00886816531419754,0.11183802468785087,0.11183802468785087
"Normal(μ=0, σ=1)",500,8,1.6270661354064941,0.5818160676956177,1.1314492931365967,1.0992665090560914,86,0.0,0.7189191850204419,0.7189191850204419,0,0.02197377383708954,0.06098372848498035,0.06098372848498035
"Normal(μ=0, σ=1)",500,9,1.7007129192352295,0.5835306406021118,1.1326653842926024,1.0982694625854492,86,0.05921420049414625,0.2919248807417811,0.2919248807417811,0,0.019855571910738945,0.0829428871060951,0.0829428871060951
"Normal(μ=0, σ=1)",1000,0,4.45385479927063,0.5847138638496399,1.1521731843948364,1.1349186134338378,82,0.0,0.8881734182535203,0.8881734182535203,0,0.0024613402783870697,0.044000857142670435,0.044000857142670435
"Normal(μ=0, σ=1)",1000,1,2.241353988647461,0.5738858437538147,1.119775330543518,1.0917789306640624,50,0.0061215116169473244,0.5005673707894058,0.5005673707894058,0,0.013767934404313564,0.17938993979837048,0.17938993979837048
"Normal(μ=0, σ=1)",1000,2,2.6256251335144043,0.5720427417755127,1.1145838766098022,1.0850822696685791,53,0.04957381258192088,0.37012017606173,0.37012017606173,0,0.005545400083065033,0.10642071935066866,0.10642071935066866
"Normal(μ=0, σ=1)",1000,3,2.4746429920196533,0.5610813875198364,1.1040571699142456,1.0859516506195068,54,0.01100631375109405,0.6101664688189142,0.6101664688189142,0,0.017701946198940277,0.020307023742836994,0.020307023742836994
"Normal(μ=0, σ=1)",1000,4,4.086376905441284,0.5784304413795471,1.1282390556335449,1.0996173048019409,74,0.0,0.647814872077161,0.647814872077161,0,0.05191729962825775,0.078561554574478,0.078561554574478
"Normal(μ=0, σ=1)",1000,5,3.8508548736572266,0.5505447568893432,1.084515983581543,1.0679424476623536,73,0.055568114770666054,0.03776014017220749,0.03776014017220749,1,0.0617612786591053,0.04714300556606399,0.04714300556606399
"Normal(μ=0, σ=1)",1000,6,2.9338366985321045,0.5733403978347779,1.1319147024154663,1.1171486701965332,67,0.0,0.5005673707894058,0.5005673707894058,0,0.03007182478904724,0.03026408722376328,0.03026408722376328
"Normal(μ=0, σ=1)",1000,7,5.163984060287476,0.548084129333496,1.085404854774475,1.074641448020935,91,0.0,0.5005673707894058,0.5005673707894058,0,0.029177308082580566,0.12449773475616299,0.12449773475616299
"Normal(μ=0, σ=1)",1000,8,2.4548001289367676,0.5530418748855591,1.091449933052063,1.0768161344528198,52,0.0,0.9542189106778983,0.9542189106778983,0,0.027708906680345535,0.04719436696311119,0.04719436696311119
"Normal(μ=0, σ=1)",1000,9,4.754913091659546,0.5623274517059326,1.1045196428298951,1.0843843517303466,86,0.0,0.7593695685682871,0.7593695685682871,0,0.026629004627466202,0.18262847305744212,0.18262847305744212
Exponential(λ=1.00),100,0,0.7706968784332275,0.5247319936752319,0.7614495754241943,0.47343528270721436,200,0.25786707057001157,0.0007377026282063397,0.0007377026282063397,1,0.14733564853668213,0.9969741436328666,0.9969741436328666
Exponential(λ=1.00),100,1,0.5823168754577637,0.42888665199279785,0.6179774403572083,0.3781816065311432,200,0.22278346728147871,0.0037294923618311367,0.0037294923618311367,1,0.0719483494758606,0.4450974240831046,0.4450974240831046
Exponential(λ=1.00),100,2,0.5897610187530518,0.5079361796379089,0.7270151376724243,0.438157856464386,200,0.2483843358781333,3.211428734211389e-05,3.211428734211389e-05,1,0.02659749984741211,0.641620692766721,0.641620692766721
Exponential(λ=1.00),100,3,0.808556079864502,0.524238646030426,0.7329213619232178,0.4173654615879059,200,0.2659414630628588,0.0012935059781377376,0.0012935059781377376,1,0.09237086772918701,0.6631552812392241,0.6631552812392241
Exponential(λ=1.00),100,4,0.9691009521484375,0.583977222442627,0.7868432402610779,0.4057319164276123,200,0.31624855228913096,0.002219935934558366,0.002219935934558366,1,0.26283931732177734,1.0163728385011548,1.0163728385011548
Exponential(λ=1.00),100,5,0.695587158203125,0.5708070993423462,0.7361127734184265,0.33061134815216064,200,0.32257213186075534,6.281176788972264e-05,6.281176788972264e-05,1,0.22183901071548462,0.9794051155881929,0.9794051155881929
Exponential(λ=1.00),100,6,0.5869779586791992,0.5910972356796265,0.7587258815765381,0.335257351398468,200,0.28781528592010686,0.0061340334218580265,0.0061340334218580265,1,0.27698850631713867,1.166896705957178,1.166896705957178
Exponential(λ=1.00),100,7,0.5717010498046875,0.44453415274620056,0.6390413641929626,0.38901427388191223,200,0.2118231487515209,0.0037294923618311367,0.0037294923618311367,1,0.07330566644668579,0.424834533068589,0.424834533068589
Exponential(λ=1.00),100,8,0.6648051738739014,0.536095380783081,0.7475727796554565,0.42295485734939575,200,0.2502602195502333,0.0061340334218580265,0.0061340334218580265,1,0.13167405128479004,0.6338256005573757,0.6338256005573757
Exponential(λ=1.00),100,9,0.6136691570281982,0.5930310487747192,0.7973785400390625,0.4086950719356537,200,0.29258956440879075,1.605714367105695e-05,1.605714367105695e-05,1,0.06521224975585938,1.2109290038660587,1.2109290038660587
Exponential(λ=1.00),500,0,4.740995168685913,0.5267335038185119,1.0066251764297485,0.9597833423614502,164,0.0,0.6659218712646571,0.6659218712646571,0,0.062128663063049316,0.30513260061540015,0.30513260061540015
Exponential(λ=1.00),500,1,2.9140307903289795,0.49287105083465577,0.9357598085403442,0.8857775306701661,109,0.038323676819079874,0.2919248807417811,0.2919248807417811,0,0.10179054737091064,0.44930019004327804,0.44930019004327804
Exponential(λ=1.00),500,2,3.3009541034698486,0.4830381064414978,0.9323622765541076,0.8986483402252198,128,0.0,0.14973189477810775,0.14973189477810775,0,0.11785399913787842,0.2962093392179118,0.2962093392179118
Exponential(λ=1.00),500,3,3.43093204498291,0.49040520715713504,0.9483963441848755,0.9159822325706481,127,0.0,0.8636766933110154,0.8636766933110154,0,0.016352415084838867,0.002144855891845321,0.002144855891845321
Exponential(λ=1.00),500,4,2.8845818042755127,0.49544233560562134,0.9308519349098205,0.8708191709518432,117,0.04413704956209113,0.14973189477810775,0.14973189477810775,0,0.07653343677520752,0.3633486028067767,0.3633486028067767
Exponential(λ=1.00),500,5,2.147571086883545,0.5306133613586426,1.0057674083709718,0.9503081550598145,111,0.03602044638438849,0.7189191850204419,0.7189191850204419,0,0.06720495223999023,0.3537142854057922,0.3537142854057922
Exponential(λ=1.00),500,6,3.3149282932281494,0.5175283365249633,0.9806991329193115,0.9263415484428406,121,0.017252794499645722,0.8636766933110154,0.8636766933110154,0,0.05183100700378418,0.3070140987852792,0.3070140987852792
Exponential(λ=1.00),500,7,3.671794891357422,0.5430770127773284,1.031923261642456,0.9776925158500671,134,0.017679173514281978,0.6126241113875229,0.6126241113875229,0,0.005560755729675293,0.20892299790430424,0.20892299790430424
Exponential(λ=1.00),500,8,3.7249772548675537,0.5330702710151672,1.0105071411132813,0.9548737373352051,149,0.04804478721823449,0.5600220048872044,0.5600220048872044,0,0.04238307476043701,0.37934388510688355,0.37934388510688355
Exponential(λ=1.00),500,9,3.6461310386657715,0.4971380863189697,0.9244366822242737,0.8545971641540527,139,0.02025040789039143,0.08150167321107067,0.08150167321107067,0,0.14679116010665894,0.414079676979218,0.414079676979218
Exponential(λ=1.00),1000,0,6.158781051635742,0.49980758905410766,0.9531936740875244,0.9067722249031067,109,0.0,0.34112475112661245,0.34112475112661245,0,0.052040040493011475,0.31904875242840003,0.31904875242840003
Exponential(λ=1.00),1000,1,4.394552946090698,0.5185009241104126,0.9794943342208863,0.9219867925643921,85,0.034355307251692634,0.19957365535779528,0.19957365535779528,0,0.03843724727630615,0.33834508522300066,0.33834508522300066
Exponential(λ=1.00),1000,2,5.956183910369873,0.4947167830467224,0.9620654401779175,0.9346973662376403,106,0.04023578698005259,0.24068202486600215,0.24068202486600215,0,0.032379209995269775,0.12411160467697091,0.12411160467697091
Exponential(λ=1.00),1000,3,4.2442731857299805,0.49374004077911376,0.9576080780029297,0.9277360363006592,78,0.0,0.4659595288557257,0.4659595288557257,0,0.04828298091888428,0.22260565018029932,0.22260565018029932
Exponential(λ=1.00),1000,4,5.143776178359985,0.4920326027870178,0.9503065414428711,0.916547860622406,91,0.01448768307026221,0.6101664688189142,0.6101664688189142,0,0.058146536350250244,0.3172351288140133,0.3172351288140133
Exponential(λ=1.00),1000,5,5.209681987762451,0.5207457058429718,1.0044900970458985,0.9674887623786926,92,0.02081458157335689,0.19957365535779528,0.19957365535779528,0,0.061669111251831055,0.35626325961036875,0.35626325961036875
Exponential(λ=1.00),1000,6,4.364990949630737,0.536265353679657,1.0295731720924377,0.9866156611442566,84,0.05479696282176009,0.16411447756429137,0.16411447756429137,0,0.03191184997558594,0.30491731216931417,0.30491731216931417
Exponential(λ=1.00),1000,7,4.741295099258423,0.48303205728530885,0.9516188588142395,0.937173635005951,84,0.0,0.9357699014782725,0.9357699014782725,0,0.02242588996887207,0.07789006243798124,0.07789006243798124
Exponential(λ=1.00),1000,8,6.048046827316284,0.5080485372543335,0.9875913305282593,0.9590855574607849,105,0.029541547512169693,0.18116454248303263,0.18116454248303263,0,0.027495980262756348,0.061280675951996155,0.061280675951996155
Exponential(λ=1.00),1000,9,5.605791091918945,0.4642467923164368,0.8962758393287659,0.8640580725669861,100,0.061800648169178234,0.012912352230759101,0.012912352230759101,1,0.01914370059967041,0.14119475152435712,0.14119475152435712
"Uniform(0, 2)",100,0,0.5917980670928955,0.3771321773529053,0.5786999464035034,0.4031355381011963,200,0.2342792334154366,0.0037294923618311367,0.0037294923618311367,1,0.02201324701309204,0.23462108362932022,0.23462108362932022
"Uniform(0, 2)",100,1,0.5961389541625977,0.3542330265045166,0.5717642307281494,0.4350625276565552,200,0.14063476505108696,0.07822115797841851,0.07822115797841851,0,0.05784022808074951,0.15427087509230902,0.15427087509230902
"Uniform(0, 2)",100,2,0.8862509727478027,0.3345797061920166,0.5390911102294922,0.40902283787727356,200,0.18133488016391597,0.009878183186176536,0.009878183186176536,1,0.0001806020736694336,0.18223948724787797,0.18223948724787797
"Uniform(0, 2)",100,3,0.5487840175628662,0.357138454914093,0.5984679460525513,0.48265907168388367,189,0.14053747543501238,0.024055802841094577,0.024055802841094577,1,0.07681107521057129,0.13444650183407578,0.13444650183407578
"Uniform(0, 2)",100,4,0.6524128913879395,0.3377732038497925,0.5414859056472778,0.4074253439903259,200,0.20887116427773258,0.0002248739317492479,0.0002248739317492479,1,0.138208270072937,0.18938183402885597,0.18938183402885597
"Uniform(0, 2)",100,5,0.9131331443786621,0.3588554263114929,0.5619804263114929,0.4062500298023224,200,0.23287331073127185,0.0037294923618311367,0.0037294923618311367,1,0.05779677629470825,0.2425037465925592,0.2425037465925592
"Uniform(0, 2)",100,6,0.6691110134124756,0.32741546630859375,0.5401932001113892,0.4255555272102356,200,0.14996955587299443,0.07822115797841851,0.07822115797841851,0,0.017991483211517334,0.15326405308585053,0.15326405308585053
"Uniform(0, 2)",100,7,0.573134183883667,0.3672317564487457,0.5986309051513672,0.46279823780059814,200,0.15285191072516344,0.0037294923618311367,0.0037294923618311367,1,0.10991334915161133,0.15147842315057958,0.15147842315057958
"Uniform(0, 2)",100,8,0.6372921466827393,0.36315634846687317,0.6057640314102173,0.48521533608436584,200,0.2331408183305619,0.0007377026282063397,0.0007377026282063397,1,0.016620934009552002,0.19931870840117769,0.19931870840117769
"Uniform(0, 2)",100,9,0.6405529975891113,0.33651214838027954,0.5535892844200134,0.4341541528701782,199,0.10959808305256274,0.05390207893129876,0.05390207893129876,0,0.0552525520324707,0.12712256698815302,0.12712256698815302
"Uniform(0, 2)",500,0,2.294909954071045,0.32979090118408205,0.6405736989974976,0.6215656108856201,99,0.07519403543402306,0.003751031948977854,0.003751031948977854,1,0.09385156631469727,0.08073321959843738,0.08073321959843738
"Uniform(0, 2)",500,1,3.750164270401001,0.33045430660247804,0.6674480943679809,0.6739875478744507,146,0.06443532902179197,0.03479508043637821,0.03479508043637821,1,0.034183621406555176,0.04089533966382686,0.04089533966382686
"Uniform(0, 2)",500,2,3.522731065750122,0.3345790231227875,0.6698229665756226,0.6704879021644592,137,0.07847155955210337,0.0005458774578140435,0.0005458774578140435,1,0.10035192966461182,0.014347896140767757,0.014347896140767757
"Uniform(0, 2)",500,3,3.5379350185394287,0.3537796251773834,0.7158267397880554,0.7240941710472107,136,0.08997692100463527,0.02406614705241275,0.02406614705241275,1,0.0240018367767334,0.10459818954887529,0.10459818954887529
"Uniform(0, 2)",500,4,3.785635232925415,0.3315499789714813,0.680699782371521,0.6982995944023133,146,0.0685093932598653,0.06930076569272504,0.06930076569272504,0,0.039046525955200195,0.07990427526955063,0.07990427526955063
"Uniform(0, 2)",500,5,3.433741807937622,0.32593982005119326,0.652401921749115,0.6529241452217102,136,0.05674924751941515,0.058689209417416795,0.058689209417416795,0,0.06556904315948486,0.037767006250439716,0.037767006250439716
"Uniform(0, 2)",500,6,3.0402779579162598,0.32957301568984987,0.6616048588752746,0.6640637001991272,120,0.07029852510593633,0.03479508043637821,0.03479508043637821,1,0.060753822326660156,0.05623922379648727,0.05623922379648727
"Uniform(0, 2)",500,7,2.6971988677978516,0.3330449352264404,0.6777094779014587,0.6893291020393372,120,0.05600414625169898,0.058689209417416795,0.058689209417416795,0,0.056066155433654785,0.09137209646915684,0.09137209646915684
"Uniform(0, 2)",500,8,4.078742742538452,0.3212313261032104,0.6503868236541748,0.6583110089302063,152,0.031297992143730385,0.19804212658711798,0.19804212658711798,0,0.04694187641143799,0.030042912512308062,0.030042912512308062
"Uniform(0, 2)",500,9,2.8205649852752686,0.34667393159866333,0.7038272886276246,0.7143067154884338,117,0.06607102520276978,0.001478117952199697,0.001478117952199697,1,0.10458624362945557,0.08631775737733649,0.08631775737733649
"Uniform(0, 2)",1000,0,6.327418804168701,0.33490514850616454,0.6924282126426696,0.7150461421012878,110,0.033369810438778506,0.01118990326412112,0.01118990326412112,1,0.03671419620513916,0.061554725634287766,0.061554725634287766
"Uniform(0, 2)",1000,1,6.4275689125061035,0.33638360261917116,0.6916727361679077,0.7105783004760742,108,0.07478490979353267,0.005306868855560685,0.005306868855560685,1,0.012106776237487793,0.045992529902779966,0.045992529902779966
"Uniform(0, 2)",1000,2,6.209010124206543,0.33352109575271605,0.6913706312179565,0.7156990952491761,110,0.05582768095372705,0.005306868855560685,0.005306868855560685,1,0.03714507818222046,0.08977588459262625,0.08977588459262625
"Uniform(0, 2)",1000,3,6.883270025253296,0.3395334403514862,0.698217848777771,0.7173687987327576,129,0.06685423309434539,0.029225323426275904,0.029225323426275904,1,0.020344913005828857,0.07146995884821289,0.07146995884821289
"Uniform(0, 2)",1000,4,4.184123992919922,0.33430243349075317,0.6889691638946533,0.7093334503173828,73,0.05799285723537332,0.0028179208242694134,0.0028179208242694134,1,0.04608887434005737,0.07558459511464793,0.07558459511464793
"Uniform(0, 2)",1000,5,3.944288969039917,0.34874619364738463,0.7127810378074646,0.7280696959495544,75,0.05566346058226197,0.0001969751018672361,0.0001969751018672361,1,0.07135158777236938,0.08299260597184016,0.08299260597184016
"Uniform(0, 2)",1000,6,6.151818037033081,0.33657432413101196,0.6933036646842956,0.7134586491584778,116,0.05256093103760816,0.0014488954599620356,0.0014488954599620356,1,0.04339480400085449,0.08300429333298553,0.08300429333298553
"Uniform(0, 2)",1000,7,5.831300973892212,0.3447310423851013,0.7109469118118286,0.7324317374229431,113,0.0691665721231156,0.012912352230759101,0.012912352230759101,1,0.0006113648414611816,0.08385765581638699,0.08385765581638699
"Uniform(0, 2)",1000,8,4.827157974243164,0.33276198649406435,0.6850849299430847,0.7046459493637085,96,0.07655018914786485,0.0038826726503625613,0.0038826726503625613,1,0.017937779426574707,0.0549698271070172,0.0549698271070172
"Uniform(0, 2)",1000,9,3.932372808456421,0.3424857356548309,0.6972859582901001,0.7096004848480224,81,0.05602372110564881,0.0012207544622917959,0.0012207544622917959,1,0.07035231590270996,0.07084609632466288,0.07084609632466288
"Lognormal(μ=0, σ=1)",100,0,0.9655458927154541,1.3013404607772827,1.5893309116363525,0.5759807229042053,200,0.36586819020764605,0.0004117410017938115,0.0004117410017938115,1,0.7439610958099365,10.972994833076106,10.972994833076106
"Lognormal(μ=0, σ=1)",100,1,0.9350130558013916,1.1088849306106567,1.3615821599960327,0.5053945183753967,200,0.3100398201360369,0.0061340334218580265,0.0061340334218580265,1,0.6938004493713379,6.9698935096116275,6.9698935096116275
"Lognormal(μ=0, σ=1)",100,2,0.9048230648040771,0.8521914482116699,1.1090999841690063,0.5138170719146729,200,0.34329927912699115,0.0004117410017938115,0.0004117410017938115,1,0.32653117179870605,2.1980658440099634,2.1980658440099634
"Lognormal(μ=0, σ=1)",100,3,0.9443669319152832,0.8193487524986267,1.0669965744018555,0.4952956438064575,200,0.3253360340811028,0.0007377026282063397,0.0007377026282063397,1,0.3129528760910034,2.440083715355245,2.440083715355245
"Lognormal(μ=0, σ=1)",100,4,0.9434249401092529,1.022485613822937,1.2941374778747559,0.5433034300804138,200,0.38083608952161807,0.0007377026282063397,0.0007377026282063397,1,0.4096263647079468,3.15458215235884,3.15458215235884
"Lognormal(μ=0, σ=1)",100,5,0.9070746898651123,1.1051008701324463,1.3543760776519775,0.4985501766204834,200,0.3369650929425401,0.009878183186176536,0.009878183186176536,1,0.6229267120361328,5.233551321323188,5.233551321323188
"Lognormal(μ=0, σ=1)",100,6,0.9530675411224365,0.9070560932159424,1.1857374906539917,0.5573625564575195,200,0.336914812087209,0.0012935059781377376,0.0012935059781377376,1,0.33761024475097656,2.491109915565002,2.491109915565002
"Lognormal(μ=0, σ=1)",100,7,0.6167738437652588,1.1356897354125977,1.4183411598205566,0.5653029084205627,200,0.3386204718272727,0.0037294923618311367,0.0037294923618311367,1,0.5882399082183838,8.697415453580147,8.697415453580147
"Lognormal(μ=0, σ=1)",100,8,0.9745330810546875,0.7784336805343628,0.9946915507316589,0.43251579999923706,200,0.2682851569685163,0.009878183186176536,0.009878183186176536,1,0.4427851438522339,3.1488780672468617,3.1488780672468617
"Lognormal(μ=0, σ=1)",100,9,0.6746938228607178,0.6652789115905762,0.8922651410102844,0.4539722800254822,200,0.23389074206771657,0.024055802841094577,0.024055802841094577,1,0.26216650009155273,1.3112416402467435,1.3112416402467435
"Lognormal(μ=0, σ=1)",500,0,3.601931095123291,0.8545998082160949,1.5314860429763795,1.3537724390029908,136,0.10449225306863837,0.03479508043637821,0.03479508043637821,1,0.11832129955291748,1.886371225705352,1.886371225705352
"Lognormal(μ=0, σ=1)",500,1,4.268921136856079,0.8616188912391662,1.4437123527526856,1.1641869592666625,173,0.09075161376640499,0.01343088815558133,0.01343088815558133,1,0.1872391700744629,5.595591332434932,5.595591332434932
"Lognormal(μ=0, σ=1)",500,2,4.118429899215698,0.9743356900215149,1.6663949098587036,1.384118320465088,156,0.05856061943045945,0.25760726053364696,0.25760726053364696,0,0.2999645471572876,4.27104865904761,4.27104865904761
"Lognormal(μ=0, σ=1)",500,3,2.947474241256714,0.9050124120712281,1.50098250579834,1.1919401817321778,125,0.08008755186850776,0.06930076569272504,0.06930076569272504,0,0.27077996730804443,4.472258734571038,4.472258734571038
"Lognormal(μ=0, σ=1)",500,4,2.987192153930664,1.0160415210723877,1.6311268844604492,1.2301706743240357,120,0.08111610609052765,0.19804212658711798,0.19804212658711798,0,0.3377408981323242,14.669651868271131,14.669651868271131
"Lognormal(μ=0, σ=1)",500,5,3.837562084197998,0.83518900680542,1.4606539440155029,1.2509298162460327,148,0.05321011382281155,0.3293581065813255,0.3293581065813255,0,0.2341228723526001,3.283097664752609,3.283097664752609
"Lognormal(μ=0, σ=1)",500,6,4.083540201187134,0.8798046350479126,1.5433012170791627,1.3269931945800781,160,0.08795342989218684,0.3293581065813255,0.3293581065813255,0,0.1756361722946167,2.3141692542590135,2.3141692542590135
"Lognormal(μ=0, σ=1)",500,7,4.815003871917725,0.8970318689346314,1.5465559949874879,1.299048246383667,183,0.02504801398669732,0.5089169658042532,0.5089169658042532,0,0.21728777885437012,5.348441458016169,5.348441458016169
"Lognormal(μ=0, σ=1)",500,8,3.9493420124053955,0.8572818179130555,1.496371524810791,1.2781793556213379,151,0.034831994170792,0.41348608403425674,0.41348608403425674,0,0.24879693984985352,3.4022391030426364,3.4022391030426364
"Lognormal(μ=0, σ=1)",500,9,4.045594930648804,0.7627612633705139,1.3585136804580689,1.191504895210266,159,0.06671694153454015,0.09546453231155308,0.09546453231155308,0,0.1856532096862793,2.286452187415989,2.286452187415989
"Lognormal(μ=0, σ=1)",1000,0,5.132187128067017,0.7514664793014526,1.334899387359619,1.1668657426834106,94,0.054132459547467454,0.003311056963176061,0.003311056963176061,1,0.21036028861999512,1.7795246814978691,1.7795246814978691
"Lognormal(μ=0, σ=1)",1000,1,7.644335746765137,0.9112908229827881,1.6461353006362915,1.4696889038085938,130,0.0623614708553519,0.014870029418858987,0.014870029418858987,1,0.18254482746124268,2.6290555986132857,2.6290555986132857
"Lognormal(μ=0, σ=1)",1000,2,5.706114768981934,0.9836740884780883,1.7363206958770752,1.505293306350708,102,0.10346769841572524,0.007195361443046065,0.007195361443046065,1,0.26103246212005615,3.874262687349889,3.874262687349889
"Lognormal(μ=0, σ=1)",1000,3,8.30952501296997,0.9282375283241272,1.6550209016799926,1.45356676197052,142,0.06740233044450286,0.07761108123267829,0.07761108123267829,0,0.1314680576324463,2.8804107722780463,2.8804107722780463
"Lognormal(μ=0, σ=1)",1000,4,7.15057373046875,0.7355301990509033,1.3295039463043212,1.1879475126266479,122,0.05723540810204389,0.19957365535779528,0.19957365535779528,0,0.13338124752044678,1.6892812099636645,1.6892812099636645
"Lognormal(μ=0, σ=1)",1000,5,4.418345928192139,0.8203802061080933,1.472134690284729,1.3035089778900146,81,0.07175770714662306,0.007195361443046065,0.007195361443046065,1,0.17370378971099854,2.115597185314929,2.115597185314929
"Lognormal(μ=0, σ=1)",1000,6,7.694482803344727,0.8340892586708069,1.5447586164474487,1.4213387155532837,130,0.06737155164237303,0.07761108123267829,0.07761108123267829,0,0.12499761581420898,1.8799595703326384,1.8799595703326384
"Lognormal(μ=0, σ=1)",1000,7,6.12206506729126,0.8286165571212769,1.4945644569396972,1.3318958797454834,107,0.0895125686797421,0.1082872208757189,0.1082872208757189,0,0.1264876127243042,1.924454644431008,1.924454644431008
"Lognormal(μ=0, σ=1)",1000,8,5.498010873794556,0.8361513967514038,1.4911659870147704,1.3100291805267334,99,0.053275309999249405,0.04839715079181246,0.04839715079181246,1,0.23045015335083008,2.2280417000960355,2.2280417000960355
"Lognormal(μ=0, σ=1)",1000,9,5.80650782585144,0.8819025359153747,1.5856741743087768,1.4075432891845703,102,0.06227975562967602,0.21939649929677082,0.21939649929677082,0,0.17875254154205322,3.7110298168035483,3.7110298168035483
ChiSquare(df=5),100,0,0.5575811862945557,2.5507123470306396,3.041091203689575,0.980757474899292,200,0.4673407511274722,3.319419024623016e-12,3.319419024623016e-12,1,2.446589708328247,11.831680125430934,11.831680125430934
ChiSquare(df=5),100,1,0.7439930438995361,1.5536876916885376,2.1273233890533447,1.1472710371017456,200,0.2544313994389085,0.024055802841094577,0.024055802841094577,1,0.7974460124969482,4.659750375945133,4.659750375945133
ChiSquare(df=5),100,2,0.6517760753631592,2.2464675903320312,2.75935435295105,1.0257737636566162,200,0.39523505255326236,4.414205948474835e-09,4.414205948474835e-09,1,2.059473752975464,10.76046225140777,10.76046225140777
ChiSquare(df=5),100,3,0.5888988971710205,2.345210313796997,2.7673346996307373,0.8442491292953491,200,0.41623864879700573,2.749465483696122e-08,2.749465483696122e-08,1,2.04994535446167,12.915010918295252,12.915010918295252
ChiSquare(df=5),100,4,0.568612813949585,2.419654607772827,3.016083002090454,1.192857027053833,200,0.38945688004959533,8.001543644272532e-07,8.001543644272532e-07,1,1.880059003829956,11.290830423074441,11.290830423074441
ChiSquare(df=5),100,5,0.605172872543335,2.355618953704834,2.871943950653076,1.032649278640747,200,0.3770376625453359,2.749465483696122e-08,2.749465483696122e-08,1,2.201704502105713,9.582962137069918,9.582962137069918
ChiSquare(df=5),100,6,0.596264123916626,2.0746982097625732,2.5933315753936768,1.0372672080993652,200,0.4154080531421614,1.0024645454361508e-11,1.0024645454361508e-11,1,2.0105836391448975,6.712437009961049,6.712437009961049
ChiSquare(df=5),100,7,0.5954680442810059,2.32342529296875,2.8758928775787354,1.1049354076385498,200,0.39639523781667535,1.1151678185620634e-08,1.1151678185620634e-08,1,1.9302828311920166,9.40133676107451,9.40133676107451
ChiSquare(df=5),100,8,0.567816972732544,2.299093008041382,2.7918777465820312,0.9855697751045227,200,0.48049943549555896,1.0024645454361508e-11,1.0024645454361508e-11,1,2.101743459701538,7.7836313338910745,7.7836313338910745
ChiSquare(df=5),100,9,0.6264958381652832,2.802435874938965,3.320066452026367,1.0352617502212524,200,0.500982733569764,3.0406585087050305e-14,3.0406585087050305e-14,1,2.649656295776367,10.056363241051013,10.056363241051013
ChiSquare(df=5),500,0,4.863839864730835,1.6412663259506226,3.1750277462005614,3.067522834777832,173,0.042930247493858854,0.41348608403425674,0.41348608403425674,0,0.2057185173034668,2.6917873495866393,2.6917873495866393
ChiSquare(df=5),500,1,4.911901950836182,1.6680280046463012,3.263701654434204,3.191347532272339,173,0.026151056805932944,0.4599232291065006,0.4599232291065006,0,0.018908023834228516,1.4147465180210244,1.4147465180210244
ChiSquare(df=5),500,2,3.8205158710479736,1.6371999893188476,3.1272280502319334,2.9800561275482176,148,0.011954924940970333,0.3699050405997647,0.3699050405997647,0,0.061550140380859375,2.7685632883299682,2.7685632883299682
ChiSquare(df=5),500,3,2.9356307983398438,1.571041220664978,2.8084422817230226,2.4748018836975096,118,0.06454305169726796,0.22634729051389657,0.22634729051389657,0,0.24946165084838867,4.114408934029805,4.114408934029805
ChiSquare(df=5),500,4,3.6284642219543457,1.7241035995483398,3.2331768836975097,3.0181465682983397,143,0.024169616214958056,0.3293581065813255,0.3293581065813255,0,0.1066594123840332,3.7380743015013422,3.7380743015013422
ChiSquare(df=5),500,5,3.175936222076416,1.7615259294509888,3.2810758686065675,3.0390999279022215,127,0.10523808488969857,0.001478117952199697,0.001478117952199697,1,0.035198211669921875,2.6307402275674807,2.6307402275674807
ChiSquare(df=5),500,6,5.357542991638184,1.6049990634918212,3.099394733428955,2.9887912120819093,195,0.0,0.8191511303355717,0.8191511303355717,0,0.22113800048828125,2.4205767378571608,2.4205767378571608
ChiSquare(df=5),500,7,4.010690927505493,1.5981702289581299,3.102873373031616,3.009406000137329,151,0.0,0.5600220048872044,0.5600220048872044,0,0.017813682556152344,1.4543368556194922,1.4543368556194922
ChiSquare(df=5),500,8,2.8476569652557373,1.6680626592636107,3.0619093284606933,2.787693399429321,115,0.09705274758973303,0.04158607858587287,0.04158607858587287,1,0.12190723419189453,3.1690850499492527,3.1690850499492527
ChiSquare(df=5),500,9,4.458417892456055,1.7401601467132568,3.291522451400757,3.102724670410156,156,0.0,0.6659218712646571,0.6659218712646571,0,0.15929794311523438,2.8285959599305475,2.8285959599305475
ChiSquare(df=5),1000,0,5.785170078277588,1.6771670083999635,3.262715177536011,3.171096399307251,103,0.0,0.8595454206943325,0.8595454206943325,0,0.030012130737304688,1.5038445729024268,1.5038445729024268
ChiSquare(df=5),1000,1,8.272848844528198,1.7528109302520751,3.4577966594696044,3.409971342086792,137,0.0,0.6101664688189142,0.6101664688189142,0,0.00537109375,1.0064963471612813,1.0064963471612813
ChiSquare(df=5),1000,2,6.941938161849976,1.6882638654708861,3.2494800605773926,3.1224323482513427,117,0.0,0.9542189106778983,0.9542189106778983,0,0.10400676727294922,1.8315870055849004,1.8315870055849004
ChiSquare(df=5),1000,3,6.734147071838379,1.6632675743103027,3.275012418746948,3.223489719390869,115,0.0,0.6854967337920594,0.6854967337920594,0,0.004178524017333984,0.6321850252975789,0.6321850252975789
ChiSquare(df=5),1000,4,5.3830180168151855,1.6878197193145752,3.2880126266479492,3.200385736465454,96,0.0,0.8881734182535203,0.8881734182535203,0,0.05060005187988281,1.3491058655608974,1.3491058655608974
ChiSquare(df=5),1000,5,5.5440850257873535,1.7264888010025023,3.417668731689453,3.3823596782684326,98,0.0,0.5362766985932181,0.5362766985932181,0,0.15674495697021484,1.0936337948340178,1.0936337948340178
ChiSquare(df=5),1000,6,6.912785291671753,1.62769482421875,3.2073813400268554,3.159373020172119,118,0.0,0.4006338815832625,0.4006338815832625,0,0.12390851974487305,0.43856851488701665,0.43856851488701665
ChiSquare(df=5),1000,7,4.779431104660034,1.7081268815994262,3.3502506370544434,3.2842475051879885,87,0.03744048366608441,0.28779764348473313,0.28779764348473313,0,0.026572704315185547,1.5277670347263363,1.5277670347263363
ChiSquare(df=5),1000,8,5.485928058624268,1.674183910369873,3.2250699844360353,3.101772123336792,101,0.019842410740682315,0.28779764348473313,0.28779764348473313,0,0.12428903579711914,1.8748998291340477,1.8748998291340477
ChiSquare(df=5),1000,9,5.467482805252075,1.7161154975891113,3.341084285736084,3.249937692642212,95,0.0,0.8595454206943325,0.8595454206943325,0,0.011905193328857422,1.43439360990185,1.43439360990185
